<?xml version="1.0" encoding="utf-8"?>
<odoo>
    <record id="car_repair" model="ir.sequence">
        <field name="name">Car Repair  Sequence</field>
        <field name="code">car.repair</field>
        <field name="prefix">SR</field>
        <field name="padding">4</field>
        <field name="company_id" eval="False"/>
    </record>
    <record id="car_diagnosis" model="ir.sequence">
        <field name="name">Car diagnosis  Sequence</field>
        <field name="code">car.diagnosis</field>
        <field name="prefix">SR</field>
        <field name="padding">4</field>
        <field name="company_id" eval="False"/>
    </record>
</odoo>